Campeonato,Categoria,ValorTotal,ValorDia,DiasPassados,Dia,PremioCampeao,ValorPremioCampeao,PremioSegundo,ValorPremioSegundo,PremioTerceiro,ValorPremioTerceiro,Campeao,Segundo,Terceiro
The International 2021,TI,1600000,1600000,1,25/05/2020,"45,5","18208278,725",13,"5202365,35",9,"3601637,55",Team Spirit,PSG.LGD,Team Secret
,TI,8152515,6552515,2,26/05/2020,,,,,,,,,
,TI,9468329,1315814,3,27/05/2020,,,,,,,,,
,TI,10225818,757489,4,28/05/2020,,,,,,,,,
,TI,10869867,644049,5,29/05/2020,,,,,,,,,
,TI,11411851,541984,6,30/05/2020,,,,,,,,,
,TI,11812494,400643,7,31/05/2020,,,,,,,,,
,TI,12120584,308090,8,01/06/2020,,,,,,,,,
,TI,12400743,280159,9,02/06/2020,,,,,,,,,
,TI,12646793,246050,10,03/06/2020,,,,,,,,,
,TI,12862119,215326,11,04/06/2020,,,,,,,,,
,TI,13119241,257122,12,05/06/2020,,,,,,,,,
,TI,13355871,236630,13,06/06/2020,,,,,,,,,
,TI,13537275,181404,14,07/06/2020,,,,,,,,,
,TI,13687665,150390,15,08/06/2020,,,,,,,,,
,TI,13832386,144721,16,09/06/2020,,,,,,,,,
,TI,13978949,146563,17,10/06/2020,,,,,,,,,
,TI,14115199,136250,18,11/06/2020,,,,,,,,,
,TI,14533292,418093,19,12/06/2020,,,,,,,,,
,TI,14810413,277121,20,13/06/2020,,,,,,,,,
,TI,14995000,184587,21,14/06/2020,,,,,,,,,
,TI,15148356,153356,22,15/06/2020,,,,,,,,,
,TI,15283758,135402,23,16/06/2020,,,,,,,,,
,TI,15398407,114649,24,17/06/2020,,,,,,,,,
,TI,15511589,113182,25,18/06/2020,,,,,,,,,
,TI,15627433,115844,26,19/06/2020,,,,,,,,,
,TI,15736671,109238,27,20/06/2020,,,,,,,,,
,TI,15831882,95211,28,21/06/2020,,,,,,,,,
,TI,15912310,80428,29,22/06/2020,,,,,,,,,
,TI,15990234,77924,30,23/06/2020,,,,,,,,,
,TI,16073777,83543,31,24/06/2020,,,,,,,,,
,TI,20090247,4016470,32,25/06/2020,,,,,,,,,
,TI,21507292,1417045,33,26/06/2020,,,,,,,,,
,TI,22573423,1066131,34,27/06/2020,,,,,,,,,
,TI,23507820,934397,35,28/06/2020,,,,,,,,,
,TI,23928866,421046,36,29/06/2020,,,,,,,,,
,TI,24158171,229305,37,30/06/2020,,,,,,,,,
,TI,24376847,218676,38,01/07/2020,,,,,,,,,
,TI,24591854,215007,39,02/07/2020,,,,,,,,,
,TI,26313643,1721789,40,03/07/2020,,,,,,,,,
,TI,26913356,599713,41,04/07/2020,,,,,,,,,
,TI,27238035,324679,42,05/07/2020,,,,,,,,,
,TI,27467966,229931,43,06/07/2020,,,,,,,,,
,TI,27657281,189315,44,07/07/2020,,,,,,,,,
,TI,27834542,177261,45,08/07/2020,,,,,,,,,
,TI,27995107,160565,46,09/07/2020,,,,,,,,,
,TI,28160448,165341,47,10/07/2020,,,,,,,,,
,TI,28366277,205829,48,11/07/2020,,,,,,,,,
,TI,28512653,146376,49,12/07/2020,,,,,,,,,
,TI,28633474,120821,50,13/07/2020,,,,,,,,,
,TI,28750452,116978,51,14/07/2020,,,,,,,,,
,TI,28870201,119749,52,15/07/2020,,,,,,,,,
,TI,28968269,98068,53,16/07/2020,,,,,,,,,
,TI,29060473,92204,54,17/07/2020,,,,,,,,,
,TI,29153072,92599,55,18/07/2020,,,,,,,,,
,TI,29235508,82436,56,19/07/2020,,,,,,,,,
,TI,29309628,74120,57,20/07/2020,,,,,,,,,
,TI,29387818,78190,58,21/07/2020,,,,,,,,,
,TI,29461037,73219,59,22/07/2020,,,,,,,,,
,TI,29532397,71360,60,23/07/2020,,,,,,,,,
,TI,29614676,82279,61,24/07/2020,,,,,,,,,
,TI,29848311,233635,62,25/07/2020,,,,,,,,,
,TI,29970235,121924,63,26/07/2020,,,,,,,,,
,TI,30067548,97313,64,27/07/2020,,,,,,,,,
,TI,30178432,110884,65,28/07/2020,,,,,,,,,
,TI,30320835,142403,66,29/07/2020,,,,,,,,,
,TI,30453064,132229,67,30/07/2020,,,,,,,,,
,TI,30582988,129924,68,31/07/2020,,,,,,,,,
,TI,30721328,138340,69,01/08/2020,,,,,,,,,
,TI,30882022,160694,70,02/08/2020,,,,,,,,,
,TI,31014075,132053,71,03/08/2020,,,,,,,,,
,TI,31059699,45624,72,04/08/2020,,,,,,,,,
,TI,31103482,43783,73,05/08/2020,,,,,,,,,
,TI,31136895,33413,74,06/08/2020,,,,,,,,,
,TI,31183380,46485,75,07/08/2020,,,,,,,,,
,TI,31229903,46523,76,08/08/2020,,,,,,,,,
,TI,31270970,41067,77,09/08/2020,,,,,,,,,
,TI,31310048,39078,78,10/08/2020,,,,,,,,,
,TI,31350552,40504,79,11/08/2020,,,,,,,,,
,TI,31391049,40497,80,12/08/2020,,,,,,,,,
,TI,31428463,37414,81,13/08/2020,,,,,,,,,
,TI,31469714,41251,82,14/08/2020,,,,,,,,,
,TI,32918603,1448889,83,15/08/2020,,,,,,,,,
,TI,33235777,317174,84,16/08/2020,,,,,,,,,
,TI,33424476,188699,85,17/08/2020,,,,,,,,,
,TI,33567609,143133,86,18/08/2020,,,,,,,,,
,TI,33683224,115615,87,19/08/2020,,,,,,,,,
,TI,33788828,105604,88,20/08/2020,,,,,,,,,
,TI,33925916,137088,89,21/08/2020,,,,,,,,,
,TI,34039001,113085,90,22/08/2020,,,,,,,,,
,TI,34135695,96694,91,23/08/2020,,,,,,,,,
,TI,34216549,80854,92,24/08/2020,,,,,,,,,
,TI,34304062,87513,93,25/08/2020,,,,,,,,,
,TI,34382169,78107,94,26/08/2020,,,,,,,,,
,TI,34481259,99090,95,27/08/2020,,,,,,,,,
,TI,34573857,92598,96,28/08/2020,,,,,,,,,
,TI,34669097,95240,97,29/08/2020,,,,,,,,,
,TI,34752344,83247,98,30/08/2020,,,,,,,,,
,TI,34828032,75688,99,31/08/2020,,,,,,,,,
,TI,34907492,79460,100,01/09/2020,,,,,,,,,
,TI,34988233,80741,101,02/09/2020,,,,,,,,,
,TI,35063220,74987,102,03/09/2020,,,,,,,,,
,TI,35207204,143984,103,04/09/2020,,,,,,,,,
,TI,35629065,421861,104,05/09/2020,,,,,,,,,
,TI,35832947,203882,105,06/09/2020,,,,,,,,,
,TI,35977164,144217,106,07/09/2020,,,,,,,,,
,TI,36113950,136786,107,08/09/2020,,,,,,,,,
,TI,36226315,112365,108,09/09/2020,,,,,,,,,
,TI,36347226,120911,109,10/09/2020,,,,,,,,,
,TI,36462397,115171,110,11/09/2020,,,,,,,,,
,TI,36615783,153386,111,12/09/2020,,,,,,,,,
,TI,36671715,55932,112,13/09/2020,,,,,,,,,
,TI,36671715,0,113,14/09/2020,,,,,,,,,
,TI,36671715,0,114,15/09/2020,,,,,,,,,
,TI,36671715,0,115,16/09/2020,,,,,,,,,
,TI,37761612,1089897,116,17/09/2020,,,,,,,,,
,TI,38051127,289515,117,18/09/2020,,,,,,,,,
,TI,38263294,212167,118,19/09/2020,,,,,,,,,
,TI,38395574,132280,119,20/09/2020,,,,,,,,,
,TI,38491683,96109,120,21/09/2020,,,,,,,,,
,TI,38577064,85381,121,22/09/2020,,,,,,,,,
,TI,38652458,75394,122,23/09/2020,,,,,,,,,
,TI,38719422,66964,123,24/09/2020,,,,,,,,,
,TI,38793678,74256,124,25/09/2020,,,,,,,,,
,TI,38867949,74271,125,26/09/2020,,,,,,,,,
,TI,38933522,65573,126,27/09/2020,,,,,,,,,
,TI,38987739,54217,127,28/09/2020,,,,,,,,,
,TI,39046847,59108,128,29/09/2020,,,,,,,,,
,TI,39111471,64624,129,30/09/2020,,,,,,,,,
,TI,39179458,67987,130,01/10/2020,,,,,,,,,
,TI,39244847,65389,131,02/10/2020,,,,,,,,,
,TI,39328437,83590,132,03/10/2020,,,,,,,,,
,TI,39410348,81911,133,04/10/2020,,,,,,,,,
,TI,39486731,76383,134,05/10/2020,,,,,,,,,
,TI,39570662,83931,135,06/10/2020,,,,,,,,,
,TI,39664465,93803,136,07/10/2020,,,,,,,,,
,TI,39812568,148103,137,08/10/2020,,,,,,,,,
,TI,40000231,187663,138,09/10/2020,,,,,,,,,
,TI,40018195,17964,139,10/10/2020,,,,,,,,,
,TI,40018195,0,140,11/10/2020,,,,,,,,,
The International 2019,TI,1600000,1600000,1,07/05/2019,"45,5","15620180,94",13,"4462908,84",9,"3089706,12",OG,Team Liquid,PSG.LGD
,TI,7419288,5819288,2,08/05/2019,,,,,,,,,
,TI,8705391,1286103,3,09/05/2019,,,,,,,,,
,TI,9551604,846213,4,10/05/2019,,,,,,,,,
,TI,10247821,696217,5,11/05/2019,,,,,,,,,
,TI,10737562,489741,6,12/05/2019,,,,,,,,,
,TI,11035846,298284,7,13/05/2019,,,,,,,,,
,TI,11413314,377468,8,14/05/2019,,,,,,,,,
,TI,11730143,316829,9,15/05/2019,,,,,,,,,
,TI,11993112,262969,10,16/05/2019,,,,,,,,,
,TI,12248367,255255,11,17/05/2019,,,,,,,,,
,TI,12505516,257149,12,18/05/2019,,,,,,,,,
,TI,12717723,212207,13,19/05/2019,,,,,,,,,
,TI,12887820,170097,14,20/05/2019,,,,,,,,,
,TI,13055559,167739,15,21/05/2019,,,,,,,,,
,TI,13202973,147414,16,22/05/2019,,,,,,,,,
,TI,13344634,141661,17,23/05/2019,,,,,,,,,
,TI,13767958,423324,18,24/05/2019,,,,,,,,,
,TI,14083278,315320,19,25/05/2019,,,,,,,,,
,TI,14291573,208295,20,26/05/2019,,,,,,,,,
,TI,14456978,165405,21,27/05/2019,,,,,,,,,
,TI,14601723,144745,22,28/05/2019,,,,,,,,,
,TI,14743682,141959,23,29/05/2019,,,,,,,,,
,TI,14881425,137743,24,30/05/2019,,,,,,,,,
,TI,15028499,147074,25,31/05/2019,,,,,,,,,
,TI,15184899,156400,26,01/06/2019,,,,,,,,,
,TI,15319869,134970,27,02/06/2019,,,,,,,,,
,TI,15435132,115263,28,03/06/2019,,,,,,,,,
,TI,15545959,110827,29,04/06/2019,,,,,,,,,
,TI,15660897,114938,30,05/06/2019,,,,,,,,,
,TI,15769626,108729,31,06/06/2019,,,,,,,,,
,TI,15882910,113284,32,07/06/2019,,,,,,,,,
,TI,16986049,1103139,33,08/06/2019,,,,,,,,,
,TI,17360284,374235,34,09/06/2019,,,,,,,,,
,TI,17597828,237544,35,10/06/2019,,,,,,,,,
,TI,17805264,207436,36,11/06/2019,,,,,,,,,
,TI,17960513,155249,37,12/06/2019,,,,,,,,,
,TI,18094939,134426,38,13/06/2019,,,,,,,,,
,TI,18311449,216510,39,14/06/2019,,,,,,,,,
,TI,18496238,184789,40,15/06/2019,,,,,,,,,
,TI,18645064,148826,41,16/06/2019,,,,,,,,,
,TI,18767024,121960,42,17/06/2019,,,,,,,,,
,TI,18886927,119903,43,18/06/2019,,,,,,,,,
,TI,18990185,103258,44,19/06/2019,,,,,,,,,
,TI,19098276,108091,45,20/06/2019,,,,,,,,,
,TI,19198950,100674,46,21/06/2019,,,,,,,,,
,TI,19301785,102835,47,22/06/2019,,,,,,,,,
,TI,19395648,93863,48,23/06/2019,,,,,,,,,
,TI,19475672,80024,49,24/06/2019,,,,,,,,,
,TI,19563500,87828,50,25/06/2019,,,,,,,,,
,TI,19667592,104092,51,26/06/2019,,,,,,,,,
,TI,22566040,2898448,52,27/06/2019,,,,,,,,,
,TI,23482757,916717,53,28/06/2019,,,,,,,,,
,TI,24613711,1130954,54,29/06/2019,,,,,,,,,
,TI,25264012,650301,55,30/06/2019,,,,,,,,,
,TI,25583447,319435,56,01/07/2019,,,,,,,,,
,TI,25713275,129828,57,02/07/2019,,,,,,,,,
,TI,25795535,82260,58,03/07/2019,,,,,,,,,
,TI,25872837,77302,59,04/07/2019,,,,,,,,,
,TI,25967067,94230,60,05/07/2019,,,,,,,,,
,TI,26184272,217205,61,06/07/2019,,,,,,,,,
,TI,26307696,123424,62,07/07/2019,,,,,,,,,
,TI,26400578,92882,63,08/07/2019,,,,,,,,,
,TI,26465471,64893,64,09/07/2019,,,,,,,,,
,TI,26534151,68680,65,10/07/2019,,,,,,,,,
,TI,26596176,62025,66,11/07/2019,,,,,,,,,
,TI,26659316,63140,67,12/07/2019,,,,,,,,,
,TI,28165557,1506241,68,13/07/2019,,,,,,,,,
,TI,28679457,513900,69,14/07/2019,,,,,,,,,
,TI,28999274,319817,70,15/07/2019,,,,,,,,,
,TI,29224469,225195,71,16/07/2019,,,,,,,,,
,TI,29398975,174506,72,17/07/2019,,,,,,,,,
,TI,29557168,158193,73,18/07/2019,,,,,,,,,
,TI,29708487,151319,74,19/07/2019,,,,,,,,,
,TI,29940725,232238,75,20/07/2019,,,,,,,,,
,TI,30103738,163013,76,21/07/2019,,,,,,,,,
,TI,30230667,126929,77,22/07/2019,,,,,,,,,
,TI,30364885,134218,78,23/07/2019,,,,,,,,,
,TI,30473941,109056,79,24/07/2019,,,,,,,,,
,TI,30584681,110740,80,25/07/2019,,,,,,,,,
,TI,30696544,111863,81,26/07/2019,,,,,,,,,
,TI,30810431,113887,82,27/07/2019,,,,,,,,,
,TI,30907772,97341,83,28/07/2019,,,,,,,,,
,TI,30991990,84218,84,29/07/2019,,,,,,,,,
,TI,31079298,87308,85,30/07/2019,,,,,,,,,
,TI,31175854,96556,86,31/07/2019,,,,,,,,,
,TI,31270022,94168,87,01/08/2019,,,,,,,,,
,TI,31367066,97044,88,02/08/2019,,,,,,,,,
,TI,31471564,104498,89,03/08/2019,,,,,,,,,
,TI,31562928,91364,90,04/08/2019,,,,,,,,,
,TI,31646848,83920,91,05/08/2019,,,,,,,,,
,TI,31886532,239684,92,06/08/2019,,,,,,,,,
,TI,32050739,164207,93,07/08/2019,,,,,,,,,
,TI,32184220,133481,94,08/08/2019,,,,,,,,,
,TI,32315037,130817,95,09/08/2019,,,,,,,,,
,TI,32470550,155513,96,10/08/2019,,,,,,,,,
,TI,32627718,157168,97,11/08/2019,,,,,,,,,
,TI,32757406,129688,98,12/08/2019,,,,,,,,,
,TI,32858977,101571,99,13/08/2019,,,,,,,,,
,TI,32976500,117523,100,14/08/2019,,,,,,,,,
,TI,33078682,102182,101,15/08/2019,,,,,,,,,
,TI,33178456,99774,102,16/08/2019,,,,,,,,,
,TI,33282681,104225,103,17/08/2019,,,,,,,,,
,TI,33381162,98481,104,18/08/2019,,,,,,,,,
,TI,33468400,87238,105,19/08/2019,,,,,,,,,
,TI,33657480,189080,106,20/08/2019,,,,,,,,,
,TI,33756411,98931,107,21/08/2019,,,,,,,,,
,TI,33856415,100004,108,22/08/2019,,,,,,,,,
,TI,33971306,114891,109,23/08/2019,,,,,,,,,
,TI,34166711,195405,110,24/08/2019,,,,,,,,,
,TI,34308450,141739,111,25/08/2019,,,,,,,,,
,TI,34330068,21618,112,26/08/2019,,,,,,,,,
,TI,34330068,0,113,27/08/2019,,,,,,,,,
The International 2018,TI,1600000,1600000,1,08/05/2018,44,"11234157,88",16,"4085148,32","10,5","2680878,585",OG,PSG.LGD,Evil Geniuses
,TI,5669282,4069282,2,09/05/2018,,,,,,,,,
,TI,6778536,1109254,3,10/05/2018,,,,,,,,,
,TI,7450646,672110,4,11/05/2018,,,,,,,,,
,TI,8004083,553437,5,12/05/2018,,,,,,,,,
,TI,8391285,387202,6,13/05/2018,,,,,,,,,
,TI,8686008,294723,7,14/05/2018,,,,,,,,,
,TI,8958257,272249,8,15/05/2018,,,,,,,,,
,TI,9184922,226665,9,16/05/2018,,,,,,,,,
,TI,9396175,211253,10,17/05/2018,,,,,,,,,
,TI,9600240,204065,11,18/05/2018,,,,,,,,,
,TI,9808825,208585,12,19/05/2018,,,,,,,,,
,TI,9981221,172396,13,20/05/2018,,,,,,,,,
,TI,10134810,153589,14,21/05/2018,,,,,,,,,
,TI,10272276,137466,15,22/05/2018,,,,,,,,,
,TI,10397017,124741,16,23/05/2018,,,,,,,,,
,TI,10523008,125991,17,24/05/2018,,,,,,,,,
,TI,10758954,235946,18,25/05/2018,,,,,,,,,
,TI,10944702,185748,19,26/05/2018,,,,,,,,,
,TI,11089205,144503,20,27/05/2018,,,,,,,,,
,TI,11217409,128204,21,28/05/2018,,,,,,,,,
,TI,11336428,119019,22,29/05/2018,,,,,,,,,
,TI,11450136,113708,23,30/05/2018,,,,,,,,,
,TI,11566586,116450,24,31/05/2018,,,,,,,,,
,TI,12347785,781199,25,01/06/2018,,,,,,,,,
,TI,12649762,301977,26,02/06/2018,,,,,,,,,
,TI,12843582,193820,27,03/06/2018,,,,,,,,,
,TI,12995258,151676,28,04/06/2018,,,,,,,,,
,TI,13135731,140473,29,05/06/2018,,,,,,,,,
,TI,13263170,127439,30,06/06/2018,,,,,,,,,
,TI,13380785,117615,31,07/06/2018,,,,,,,,,
,TI,13507794,127009,32,08/06/2018,,,,,,,,,
,TI,13640505,132711,33,09/06/2018,,,,,,,,,
,TI,13756369,115864,34,10/06/2018,,,,,,,,,
,TI,13852629,96260,35,11/06/2018,,,,,,,,,
,TI,13944010,91381,36,12/06/2018,,,,,,,,,
,TI,14040858,96848,37,13/06/2018,,,,,,,,,
,TI,14134985,94127,38,14/06/2018,,,,,,,,,
,TI,14254873,119888,39,15/06/2018,,,,,,,,,
,TI,14360418,105545,40,16/06/2018,,,,,,,,,
,TI,14450428,90010,41,17/06/2018,,,,,,,,,
,TI,14525769,75341,42,18/06/2018,,,,,,,,,
,TI,14601490,75721,43,19/06/2018,,,,,,,,,
,TI,14672504,71014,44,20/06/2018,,,,,,,,,
,TI,14738261,65757,45,21/06/2018,,,,,,,,,
,TI,14806923,68662,46,22/06/2018,,,,,,,,,
,TI,15197598,390675,47,23/06/2018,,,,,,,,,
,TI,15351086,153488,48,24/06/2018,,,,,,,,,
,TI,15466461,115375,49,25/06/2018,,,,,,,,,
,TI,15567423,100962,50,26/06/2018,,,,,,,,,
,TI,15662939,95516,51,27/06/2018,,,,,,,,,
,TI,17680704,2017765,52,28/06/2018,,,,,,,,,
,TI,18353247,672543,53,29/06/2018,,,,,,,,,
,TI,18838363,485116,54,30/06/2018,,,,,,,,,
,TI,19210838,372475,55,01/07/2018,,,,,,,,,
,TI,19448931,238093,56,02/07/2018,,,,,,,,,
,TI,19522493,73562,57,03/07/2018,,,,,,,,,
,TI,19595011,72518,58,04/07/2018,,,,,,,,,
,TI,19662356,67345,59,05/07/2018,,,,,,,,,
,TI,19727561,65205,60,06/07/2018,,,,,,,,,
,TI,19793223,65662,61,07/07/2018,,,,,,,,,
,TI,19855001,61778,62,08/07/2018,,,,,,,,,
,TI,19909807,54806,63,09/07/2018,,,,,,,,,
,TI,19966064,56257,64,10/07/2018,,,,,,,,,
,TI,20023277,57213,65,11/07/2018,,,,,,,,,
,TI,20077275,53998,66,12/07/2018,,,,,,,,,
,TI,20139382,62107,67,13/07/2018,,,,,,,,,
,TI,20201341,61959,68,14/07/2018,,,,,,,,,
,TI,20255170,53829,69,15/07/2018,,,,,,,,,
,TI,20304580,49410,70,16/07/2018,,,,,,,,,
,TI,20354022,49442,71,17/07/2018,,,,,,,,,
,TI,20454702,100680,72,18/07/2018,,,,,,,,,
,TI,20518880,64178,73,19/07/2018,,,,,,,,,
,TI,20586505,67625,74,20/07/2018,,,,,,,,,
,TI,21452060,865555,75,21/07/2018,,,,,,,,,
,TI,21698516,246456,76,22/07/2018,,,,,,,,,
,TI,21858215,159699,77,23/07/2018,,,,,,,,,
,TI,21981907,123692,78,24/07/2018,,,,,,,,,
,TI,22095377,113470,79,25/07/2018,,,,,,,,,
,TI,22200310,104933,80,26/07/2018,,,,,,,,,
,TI,22300135,99825,81,27/07/2018,,,,,,,,,
,TI,22396909,96774,82,28/07/2018,,,,,,,,,
,TI,22479044,82135,83,29/07/2018,,,,,,,,,
,TI,22550986,71942,84,30/07/2018,,,,,,,,,
,TI,22628314,77328,85,31/07/2018,,,,,,,,,
,TI,22909942,281628,86,01/08/2018,,,,,,,,,
,TI,23037184,127242,87,02/08/2018,,,,,,,,,
,TI,23241954,204770,88,03/08/2018,,,,,,,,,
,TI,23376879,134925,89,04/08/2018,,,,,,,,,
,TI,23474278,97399,90,05/08/2018,,,,,,,,,
,TI,23556049,81771,91,06/08/2018,,,,,,,,,
,TI,23651527,95478,92,07/08/2018,,,,,,,,,
,TI,23731444,79917,93,08/08/2018,,,,,,,,,
,TI,23806053,74609,94,09/08/2018,,,,,,,,,
,TI,23882433,76380,95,10/08/2018,,,,,,,,,
,TI,24028898,146465,96,11/08/2018,,,,,,,,,
,TI,24126433,97535,97,12/08/2018,,,,,,,,,
,TI,24229913,103480,98,13/08/2018,,,,,,,,,
,TI,24316851,86938,99,14/08/2018,,,,,,,,,
,TI,24409647,92796,100,15/08/2018,,,,,,,,,
,TI,24488958,79311,101,16/08/2018,,,,,,,,,
,TI,24588578,99620,102,17/08/2018,,,,,,,,,
,TI,24681591,93013,103,18/08/2018,,,,,,,,,
,TI,24778177,96586,104,19/08/2018,,,,,,,,,
,TI,24857152,78975,105,20/08/2018,,,,,,,,,
,TI,24961369,104217,106,21/08/2018,,,,,,,,,
,TI,25073673,112304,107,22/08/2018,,,,,,,,,
,TI,25175345,101672,108,23/08/2018,,,,,,,,,
,TI,25290124,114779,109,24/08/2018,,,,,,,,,
,TI,25439270,149146,110,25/08/2018,,,,,,,,,
,TI,25532022,92752,111,26/08/2018,,,,,,,,,
,TI,25532177,155,112,27/08/2018,,,,,,,,,
The International 2017,TI,1600000,1600000,1,04/05/2017,44,"10906683,04",16,"3966066,56","10,5","2602731,18",Team Liquid,Newbee,LGD.Forever Young
,TI,4782066,3182066,2,05/05/2017,,,,,,,,,
,TI,5939229,1157163,3,06/05/2017,,,,,,,,,
,TI,6573269,634040,4,07/05/2017,,,,,,,,,
,TI,7049884,476615,5,08/05/2017,,,,,,,,,
,TI,7422856,372972,6,09/05/2017,,,,,,,,,
,TI,7750340,327484,7,10/05/2017,,,,,,,,,
,TI,8037183,286843,8,11/05/2017,,,,,,,,,
,TI,8329028,291845,9,12/05/2017,,,,,,,,,
,TI,8604665,275637,10,13/05/2017,,,,,,,,,
,TI,8811893,207228,11,14/05/2017,,,,,,,,,
,TI,9006280,194387,12,15/05/2017,,,,,,,,,
,TI,9177298,171018,13,16/05/2017,,,,,,,,,
,TI,9333681,156383,14,17/05/2017,,,,,,,,,
,TI,9541195,207514,15,18/05/2017,,,,,,,,,
,TI,9878312,337117,16,19/05/2017,,,,,,,,,
,TI,10120381,242069,17,20/05/2017,,,,,,,,,
,TI,10290247,169866,18,21/05/2017,,,,,,,,,
,TI,10432568,142321,19,22/05/2017,,,,,,,,,
,TI,10566308,133740,20,23/05/2017,,,,,,,,,
,TI,10691014,124706,21,24/05/2017,,,,,,,,,
,TI,10820650,129636,22,25/05/2017,,,,,,,,,
,TI,11096881,276231,23,26/05/2017,,,,,,,,,
,TI,11890638,793757,24,27/05/2017,,,,,,,,,
,TI,12177088,286450,25,28/05/2017,,,,,,,,,
,TI,12398378,221290,26,29/05/2017,,,,,,,,,
,TI,12577375,178997,27,30/05/2017,,,,,,,,,
,TI,12744358,166983,28,31/05/2017,,,,,,,,,
,TI,12901390,157032,29,01/06/2017,,,,,,,,,
,TI,13063795,162405,30,02/06/2017,,,,,,,,,
,TI,13331089,267294,31,03/06/2017,,,,,,,,,
,TI,13496924,165835,32,04/06/2017,,,,,,,,,
,TI,13636830,139906,33,05/06/2017,,,,,,,,,
,TI,13767525,130695,34,06/06/2017,,,,,,,,,
,TI,13884819,117294,35,07/06/2017,,,,,,,,,
,TI,14011392,126573,36,08/06/2017,,,,,,,,,
,TI,14234675,223283,37,09/06/2017,,,,,,,,,
,TI,14424616,189941,38,10/06/2017,,,,,,,,,
,TI,14561007,136391,39,11/06/2017,,,,,,,,,
,TI,14671288,110281,40,12/06/2017,,,,,,,,,
,TI,14774699,103411,41,13/06/2017,,,,,,,,,
,TI,14870505,95806,42,14/06/2017,,,,,,,,,
,TI,14973529,103024,43,15/06/2017,,,,,,,,,
,TI,15142627,169098,44,16/06/2017,,,,,,,,,
,TI,15590465,447838,45,17/06/2017,,,,,,,,,
,TI,15793920,203455,46,18/06/2017,,,,,,,,,
,TI,15949736,155816,47,19/06/2017,,,,,,,,,
,TI,16086718,136982,48,20/06/2017,,,,,,,,,
,TI,16209431,122713,49,21/06/2017,,,,,,,,,
,TI,16992629,783198,50,22/06/2017,,,,,,,,,
,TI,18292293,1299664,51,23/06/2017,,,,,,,,,
,TI,18926790,634497,52,24/06/2017,,,,,,,,,
,TI,19367048,440258,53,25/06/2017,,,,,,,,,
,TI,19602565,235517,54,26/06/2017,,,,,,,,,
,TI,19682293,79728,55,27/06/2017,,,,,,,,,
,TI,19756815,74522,56,28/06/2017,,,,,,,,,
,TI,19834935,78120,57,29/06/2017,,,,,,,,,
,TI,19924919,89984,58,30/06/2017,,,,,,,,,
,TI,20033897,108978,59,01/07/2017,,,,,,,,,
,TI,20108687,74790,60,02/07/2017,,,,,,,,,
,TI,20178843,70156,61,03/07/2017,,,,,,,,,
,TI,20244454,65611,62,04/07/2017,,,,,,,,,
,TI,20307893,63439,63,05/07/2017,,,,,,,,,
,TI,20375051,67158,64,06/07/2017,,,,,,,,,
,TI,20456251,81200,65,07/07/2017,,,,,,,,,
,TI,20552932,96681,66,08/07/2017,,,,,,,,,
,TI,20619847,66915,67,09/07/2017,,,,,,,,,
,TI,20684404,64557,68,10/07/2017,,,,,,,,,
,TI,20743774,59370,69,11/07/2017,,,,,,,,,
,TI,20799069,55295,70,12/07/2017,,,,,,,,,
,TI,20858107,59038,71,13/07/2017,,,,,,,,,
,TI,21041932,183825,72,14/07/2017,,,,,,,,,
,TI,21299951,258019,73,15/07/2017,,,,,,,,,
,TI,21444778,144827,74,16/07/2017,,,,,,,,,
,TI,21555721,110943,75,17/07/2017,,,,,,,,,
,TI,21661116,105395,76,18/07/2017,,,,,,,,,
,TI,21753959,92843,77,19/07/2017,,,,,,,,,
,TI,21843017,89058,78,20/07/2017,,,,,,,,,
,TI,21939541,96524,79,21/07/2017,,,,,,,,,
,TI,22052677,113136,80,22/07/2017,,,,,,,,,
,TI,22138001,85324,81,23/07/2017,,,,,,,,,
,TI,22208941,70940,82,24/07/2017,,,,,,,,,
,TI,22286715,77774,83,25/07/2017,,,,,,,,,
,TI,22463842,177127,84,26/07/2017,,,,,,,,,
,TI,22574590,110748,85,27/07/2017,,,,,,,,,
,TI,22686422,111832,86,28/07/2017,,,,,,,,,
,TI,22901190,214768,87,29/07/2017,,,,,,,,,
,TI,23032219,131029,88,30/07/2017,,,,,,,,,
,TI,23145090,112871,89,31/07/2017,,,,,,,,,
,TI,23257988,112898,90,01/08/2017,,,,,,,,,
,TI,23377447,119459,91,02/08/2017,,,,,,,,,
,TI,23496150,118703,92,03/08/2017,,,,,,,,,
,TI,23620300,124150,93,04/08/2017,,,,,,,,,
,TI,23746445,126145,94,05/08/2017,,,,,,,,,
,TI,23881615,135170,95,06/08/2017,,,,,,,,,
,TI,23989300,107685,96,07/08/2017,,,,,,,,,
,TI,24091451,102151,97,08/08/2017,,,,,,,,,
,TI,24197887,106436,98,09/08/2017,,,,,,,,,
,TI,24318726,120839,99,10/08/2017,,,,,,,,,
,TI,24469876,151150,100,11/08/2017,,,,,,,,,
,TI,24654624,184748,101,12/08/2017,,,,,,,,,
,TI,24770132,115508,102,13/08/2017,,,,,,,,,
,TI,24787916,17784,103,14/08/2017,,,,,,,,,
The International 2016,TI,1600000,1600000,1,16/05/2016,44,"9139002,4","16,5","3427125,9","10,5","2180898,3",Wings Gaming,Digital Chaos,Evil Geniuses
,TI,4204753,2604753,2,17/05/2016,,,,,,,,,
,TI,5351325,1146572,3,18/05/2016,,,,,,,,,
,TI,5942380,591055,4,19/05/2016,,,,,,,,,
,TI,6437459,495079,5,20/05/2016,,,,,,,,,
,TI,6853407,415948,6,21/05/2016,,,,,,,,,
,TI,7158775,305368,7,22/05/2016,,,,,,,,,
,TI,7396324,237549,8,23/05/2016,,,,,,,,,
,TI,7602951,206627,9,24/05/2016,,,,,,,,,
,TI,7789988,187037,10,25/05/2016,,,,,,,,,
,TI,7959459,169471,11,26/05/2016,,,,,,,,,
,TI,8130982,171523,12,27/05/2016,,,,,,,,,
,TI,8308129,177147,13,28/05/2016,,,,,,,,,
,TI,8447025,138896,14,29/05/2016,,,,,,,,,
,TI,8576253,129228,15,30/05/2016,,,,,,,,,
,TI,8706944,130691,16,31/05/2016,,,,,,,,,
,TI,8830233,123289,17,01/06/2016,,,,,,,,,
,TI,8986853,156620,18,02/06/2016,,,,,,,,,
,TI,9140407,153554,19,03/06/2016,,,,,,,,,
,TI,9978024,837617,20,04/06/2016,,,,,,,,,
,TI,10291207,313183,21,05/06/2016,,,,,,,,,
,TI,10505781,214574,22,06/06/2016,,,,,,,,,
,TI,10694613,188832,23,07/06/2016,,,,,,,,,
,TI,10866562,171949,24,08/06/2016,,,,,,,,,
,TI,11043369,176807,25,09/06/2016,,,,,,,,,
,TI,11208989,165620,26,10/06/2016,,,,,,,,,
,TI,11398163,189174,27,11/06/2016,,,,,,,,,
,TI,11543930,145767,28,12/06/2016,,,,,,,,,
,TI,11670204,126274,29,13/06/2016,,,,,,,,,
,TI,11793739,123535,30,14/06/2016,,,,,,,,,
,TI,11905802,112063,31,15/06/2016,,,,,,,,,
,TI,12012902,107100,32,16/06/2016,,,,,,,,,
,TI,12115460,102558,33,17/06/2016,,,,,,,,,
,TI,12233618,118158,34,18/06/2016,,,,,,,,,
,TI,12328335,94717,35,19/06/2016,,,,,,,,,
,TI,12416395,88060,36,20/06/2016,,,,,,,,,
,TI,12501438,85043,37,21/06/2016,,,,,,,,,
,TI,12584611,83173,38,22/06/2016,,,,,,,,,
,TI,13209300,624689,39,23/06/2016,,,,,,,,,
,TI,13483039,273739,40,24/06/2016,,,,,,,,,
,TI,13674490,191451,41,25/06/2016,,,,,,,,,
,TI,13802785,128295,42,26/06/2016,,,,,,,,,
,TI,13983334,180549,43,27/06/2016,,,,,,,,,
,TI,14119178,135844,44,28/06/2016,,,,,,,,,
,TI,14262327,143149,45,29/06/2016,,,,,,,,,
,TI,15387465,1125138,46,30/06/2016,,,,,,,,,
,TI,15951107,563642,47,01/07/2016,,,,,,,,,
,TI,16369896,418789,48,02/07/2016,,,,,,,,,
,TI,16641896,272000,49,03/07/2016,,,,,,,,,
,TI,16796806,154910,50,04/07/2016,,,,,,,,,
,TI,16884682,87876,51,05/07/2016,,,,,,,,,
,TI,16964503,79821,52,06/07/2016,,,,,,,,,
,TI,17054893,90390,53,07/07/2016,,,,,,,,,
,TI,17133208,78315,54,08/07/2016,,,,,,,,,
,TI,17211390,78182,55,09/07/2016,,,,,,,,,
,TI,17280216,68826,56,10/07/2016,,,,,,,,,
,TI,17350285,70069,57,11/07/2016,,,,,,,,,
,TI,17465929,115644,58,12/07/2016,,,,,,,,,
,TI,17561528,95599,59,13/07/2016,,,,,,,,,
,TI,17654755,93227,60,14/07/2016,,,,,,,,,
,TI,17775803,121048,61,15/07/2016,,,,,,,,,
,TI,17854576,78773,62,16/07/2016,,,,,,,,,
,TI,17929620,75044,63,17/07/2016,,,,,,,,,
,TI,17998014,68394,64,18/07/2016,,,,,,,,,
,TI,18061671,63657,65,19/07/2016,,,,,,,,,
,TI,18122882,61211,66,20/07/2016,,,,,,,,,
,TI,18182393,59511,67,21/07/2016,,,,,,,,,
,TI,18247581,65188,68,22/07/2016,,,,,,,,,
,TI,18301005,53424,69,23/07/2016,,,,,,,,,
,TI,18359418,58413,70,24/07/2016,,,,,,,,,
,TI,18422288,62870,71,25/07/2016,,,,,,,,,
,TI,18705515,283227,72,26/07/2016,,,,,,,,,
,TI,18842385,136870,73,27/07/2016,,,,,,,,,
,TI,18978172,135787,74,28/07/2016,,,,,,,,,
,TI,19100736,122564,75,29/07/2016,,,,,,,,,
,TI,19197132,96396,76,30/07/2016,,,,,,,,,
,TI,19314506,117374,77,31/07/2016,,,,,,,,,
,TI,19483098,168592,78,01/08/2016,,,,,,,,,
,TI,19606500,123402,79,02/08/2016,,,,,,,,,
,TI,19708735,102235,80,03/08/2016,,,,,,,,,
,TI,19811862,103127,81,04/08/2016,,,,,,,,,
,TI,19931066,119204,82,05/08/2016,,,,,,,,,
,TI,20019637,88571,83,06/08/2016,,,,,,,,,
,TI,20095993,76356,84,07/08/2016,,,,,,,,,
,TI,20177348,81355,85,08/08/2016,,,,,,,,,
,TI,20259449,82101,86,09/08/2016,,,,,,,,,
,TI,20387324,127875,87,10/08/2016,,,,,,,,,
,TI,20526826,139502,88,11/08/2016,,,,,,,,,
,TI,20689308,162482,89,12/08/2016,,,,,,,,,
,TI,20770460,81152,90,13/08/2016,,,,,,,,,
The International 2015,TI,1600000,1600000,1,01/05/2015,36,"6634660,68","15,5","2856590,015",12,"2211553,56",Evil Geniuses,CDEC Gaming,PSG.LGD
,TI,3527102,1927102,2,02/05/2015,,,,,,,,,
,TI,4551752,1024650,3,03/05/2015,,,,,,,,,
,TI,5131860,580108,4,04/05/2015,,,,,,,,,
,TI,5599591,467731,5,05/05/2015,,,,,,,,,
,TI,5980978,381387,6,06/05/2015,,,,,,,,,
,TI,6334299,353321,7,07/05/2015,,,,,,,,,
,TI,6621347,287048,8,08/05/2015,,,,,,,,,
,TI,6925868,304521,9,09/05/2015,,,,,,,,,
,TI,7195787,269919,10,10/05/2015,,,,,,,,,
,TI,7385511,189724,11,11/05/2015,,,,,,,,,
,TI,7557339,171828,12,12/05/2015,,,,,,,,,
,TI,7705689,148350,13,13/05/2015,,,,,,,,,
,TI,7857829,152140,14,14/05/2015,,,,,,,,,
,TI,7993835,136006,15,15/05/2015,,,,,,,,,
,TI,8149170,155335,16,16/05/2015,,,,,,,,,
,TI,8286128,136958,17,17/05/2015,,,,,,,,,
,TI,8390569,104441,18,18/05/2015,,,,,,,,,
,TI,8486207,95638,19,19/05/2015,,,,,,,,,
,TI,8574268,88061,20,20/05/2015,,,,,,,,,
,TI,8649109,74841,21,21/05/2015,,,,,,,,,
,TI,8721204,72095,22,22/05/2015,,,,,,,,,
,TI,8828932,107728,23,23/05/2015,,,,,,,,,
,TI,8918565,89633,24,24/05/2015,,,,,,,,,
,TI,8990314,71749,25,25/05/2015,,,,,,,,,
,TI,9065465,75151,26,26/05/2015,,,,,,,,,
,TI,9138751,73286,27,27/05/2015,,,,,,,,,
,TI,9205726,66975,28,28/05/2015,,,,,,,,,
,TI,9471543,265817,29,29/05/2015,,,,,,,,,
,TI,9849911,378368,30,30/05/2015,,,,,,,,,
,TI,10061310,211399,31,31/05/2015,,,,,,,,,
,TI,10222959,161649,32,01/06/2015,,,,,,,,,
,TI,10367032,144073,33,02/06/2015,,,,,,,,,
,TI,10489378,122346,34,03/06/2015,,,,,,,,,
,TI,10596326,106948,35,04/06/2015,,,,,,,,,
,TI,11054546,458220,36,05/06/2015,,,,,,,,,
,TI,11921890,867344,37,06/06/2015,,,,,,,,,
,TI,12299289,377399,38,07/06/2015,,,,,,,,,
,TI,12553290,254001,39,08/06/2015,,,,,,,,,
,TI,12769750,216460,40,09/06/2015,,,,,,,,,
,TI,12962955,193205,41,10/06/2015,,,,,,,,,
,TI,13135147,172192,42,11/06/2015,,,,,,,,,
,TI,13277064,141917,43,12/06/2015,,,,,,,,,
,TI,13430689,153625,44,13/06/2015,,,,,,,,,
,TI,13557865,127176,45,14/06/2015,,,,,,,,,
,TI,13672518,114653,46,15/06/2015,,,,,,,,,
,TI,13779775,107257,47,16/06/2015,,,,,,,,,
,TI,13880366,100591,48,17/06/2015,,,,,,,,,
,TI,13960703,80337,49,18/06/2015,,,,,,,,,
,TI,14048013,87310,50,19/06/2015,,,,,,,,,
,TI,14148485,100472,51,20/06/2015,,,,,,,,,
,TI,14238011,89526,52,21/06/2015,,,,,,,,,
,TI,14316457,78446,53,22/06/2015,,,,,,,,,
,TI,14394469,78012,54,23/06/2015,,,,,,,,,
,TI,14466326,71857,55,24/06/2015,,,,,,,,,
,TI,14533884,67558,56,25/06/2015,,,,,,,,,
,TI,14607065,73181,57,26/06/2015,,,,,,,,,
,TI,14686789,79724,58,27/06/2015,,,,,,,,,
,TI,14763389,76600,59,28/06/2015,,,,,,,,,
,TI,14825797,62408,60,29/06/2015,,,,,,,,,
,TI,14883965,58168,61,30/06/2015,,,,,,,,,
,TI,14955309,71344,62,01/07/2015,,,,,,,,,
,TI,15020846,65537,63,02/07/2015,,,,,,,,,
,TI,15089945,69099,64,03/07/2015,,,,,,,,,
,TI,15169886,79941,65,04/07/2015,,,,,,,,,
,TI,15238518,68632,66,05/07/2015,,,,,,,,,
,TI,15298512,59994,67,06/07/2015,,,,,,,,,
,TI,15357709,59197,68,07/07/2015,,,,,,,,,
,TI,15412737,55028,69,08/07/2015,,,,,,,,,
,TI,15484676,71939,70,09/07/2015,,,,,,,,,
,TI,15606609,121933,71,10/07/2015,,,,,,,,,
,TI,15816027,209418,72,11/07/2015,,,,,,,,,
,TI,16053167,237140,73,12/07/2015,,,,,,,,,
,TI,16256289,203122,74,13/07/2015,,,,,,,,,
,TI,16406367,150078,75,14/07/2015,,,,,,,,,
,TI,16526550,120183,76,15/07/2015,,,,,,,,,
,TI,16635519,108969,77,16/07/2015,,,,,,,,,
,TI,16731571,96052,78,17/07/2015,,,,,,,,,
,TI,16828179,96608,79,18/07/2015,,,,,,,,,
,TI,16911242,83063,80,19/07/2015,,,,,,,,,
,TI,16996918,85676,81,20/07/2015,,,,,,,,,
,TI,17075261,78343,82,21/07/2015,,,,,,,,,
,TI,17152848,77587,83,22/07/2015,,,,,,,,,
,TI,17223223,70375,84,23/07/2015,,,,,,,,,
,TI,17293282,70059,85,24/07/2015,,,,,,,,,
,TI,17367867,74585,86,25/07/2015,,,,,,,,,
,TI,17438375,70508,87,26/07/2015,,,,,,,,,
,TI,17503982,65607,88,27/07/2015,,,,,,,,,
,TI,17576223,72241,89,28/07/2015,,,,,,,,,
,TI,17647856,71633,90,29/07/2015,,,,,,,,,
,TI,17705500,57644,91,30/07/2015,,,,,,,,,
,TI,17772881,67381,92,31/07/2015,,,,,,,,,
,TI,17852049,79168,93,01/08/2015,,,,,,,,,
,TI,17926651,74602,94,02/08/2015,,,,,,,,,
,TI,17975449,48798,95,03/08/2015,,,,,,,,,
,TI,18044518,69069,96,04/08/2015,,,,,,,,,
,TI,18110958,66440,97,05/08/2015,,,,,,,,,
,TI,18175406,64448,98,06/08/2015,,,,,,,,,
,TI,18241095,65689,99,07/08/2015,,,,,,,,,
,TI,18323221,82126,100,08/08/2015,,,,,,,,,
,TI,18416970,93749,101,09/08/2015,,,,,,,,,
,TI,18429613,12643,102,10/08/2015,,,,,,,,,
The International 2014,TI,1600000,1600000,1,09/05/2014,46,"5028308,3","13,5","1475699,175","9,5","1038454,975",Newbee,Vici Gaming,Evil Geniuses
,TI,2682056,1082056,2,10/05/2014,,,,,,,,,
,TI,3412386,730330,3,11/05/2014,,,,,,,,,
,TI,3887103,474717,4,12/05/2014,,,,,,,,,
,TI,4359369,472266,5,13/05/2014,,,,,,,,,
,TI,4751090,391721,6,14/05/2014,,,,,,,,,
,TI,5032238,281148,7,15/05/2014,,,,,,,,,
,TI,5293739,261501,8,16/05/2014,,,,,,,,,
,TI,5556659,262920,9,17/05/2014,,,,,,,,,
,TI,5757481,200822,10,18/05/2014,,,,,,,,,
,TI,5920247,162766,11,19/05/2014,,,,,,,,,
,TI,6077071,156824,12,20/05/2014,,,,,,,,,
,TI,6237971,160900,13,21/05/2014,,,,,,,,,
,TI,6362555,124584,14,22/05/2014,,,,,,,,,
,TI,6491085,128530,15,23/05/2014,,,,,,,,,
,TI,6626895,135810,16,24/05/2014,,,,,,,,,
,TI,6730669,103774,17,25/05/2014,,,,,,,,,
,TI,6829365,98696,18,26/05/2014,,,,,,,,,
,TI,6916236,86871,19,27/05/2014,,,,,,,,,
,TI,6993768,77532,20,28/05/2014,,,,,,,,,
,TI,7072585,78817,21,29/05/2014,,,,,,,,,
,TI,7149563,76978,22,30/05/2014,,,,,,,,,
,TI,7820603,671040,23,31/05/2014,,,,,,,,,
,TI,8108294,287691,24,01/06/2014,,,,,,,,,
,TI,8311263,202969,25,02/06/2014,,,,,,,,,
,TI,8480723,169460,26,03/06/2014,,,,,,,,,
,TI,8613332,132609,27,04/06/2014,,,,,,,,,
,TI,8729162,115830,28,05/06/2014,,,,,,,,,
,TI,8848570,119408,29,06/06/2014,,,,,,,,,
,TI,8945598,97028,30,07/06/2014,,,,,,,,,
,TI,9042588,96990,31,08/06/2014,,,,,,,,,
,TI,9128411,85823,32,09/06/2014,,,,,,,,,
,TI,9210967,82556,33,10/06/2014,,,,,,,,,
,TI,9287343,76376,34,11/06/2014,,,,,,,,,
,TI,9345867,58524,35,12/06/2014,,,,,,,,,
,TI,9408750,62883,36,13/06/2014,,,,,,,,,
,TI,9479952,71202,37,14/06/2014,,,,,,,,,
,TI,9539580,59628,38,15/06/2014,,,,,,,,,
,TI,9593305,53725,39,16/06/2014,,,,,,,,,
,TI,9605399,12094,40,17/06/2014,,,,,,,,,
,TI,9649285,43886,41,18/06/2014,,,,,,,,,
,TI,9694440,45155,42,19/06/2014,,,,,,,,,
,TI,9744198,49758,43,20/06/2014,,,,,,,,,
,TI,9795226,51028,44,21/06/2014,,,,,,,,,
,TI,9840480,45254,45,22/06/2014,,,,,,,,,
,TI,9880467,39987,46,23/06/2014,,,,,,,,,
,TI,9916212,35745,47,24/06/2014,,,,,,,,,
,TI,9951433,35221,48,25/06/2014,,,,,,,,,
,TI,9983165,31732,49,26/06/2014,,,,,,,,,
,TI,10019255,36090,50,27/06/2014,,,,,,,,,
,TI,10059037,39782,51,28/06/2014,,,,,,,,,
,TI,10095225,36188,52,29/06/2014,,,,,,,,,
,TI,10124692,29467,53,30/06/2014,,,,,,,,,
,TI,10202874,78182,54,01/07/2014,,,,,,,,,
,TI,10252018,49144,55,02/07/2014,,,,,,,,,
,TI,10294087,42069,56,03/07/2014,,,,,,,,,
,TI,10355167,61080,57,04/07/2014,,,,,,,,,
,TI,10403840,48673,58,05/07/2014,,,,,,,,,
,TI,10445503,41663,59,06/07/2014,,,,,,,,,
,TI,10482631,37128,60,07/07/2014,,,,,,,,,
,TI,10525420,42789,61,08/07/2014,,,,,,,,,
,TI,10566884,41464,62,09/07/2014,,,,,,,,,
,TI,10604889,38005,63,10/07/2014,,,,,,,,,
,TI,10645383,40494,64,11/07/2014,,,,,,,,,
,TI,10684610,39227,65,12/07/2014,,,,,,,,,
,TI,10720393,35783,66,13/07/2014,,,,,,,,,
,TI,10748667,28274,67,14/07/2014,,,,,,,,,
,TI,10780082,31415,68,15/07/2014,,,,,,,,,
,TI,10807186,27104,69,16/07/2014,,,,,,,,,
,TI,10829017,21831,70,17/07/2014,,,,,,,,,
,TI,10858302,29285,71,18/07/2014,,,,,,,,,
,TI,10889695,31393,72,19/07/2014,,,,,,,,,
,TI,10922374,32679,73,20/07/2014,,,,,,,,,
,TI,10931105,8731,74,21/07/2014,,,,,,,,,
The Kiev Major 2017,Major,3000000,3000000,1,24/04/2017,"33,33",999900,"16,67",500100,"8,33",249900,OG,Virtus.Pro,Invictus Gaming
The Boston Major 2016,Major,3000000,3000000,1,03/12/2016,"33,33",999900,"16,67",500100,"8,33",249900,OG,Ad Finem,Evil Geniuses
The Manilla Major 2016,Major,3000000,3000000,1,03/06/2016,37,1110000,"13,5",405000,"10,5",315000,OG,Team Liquid,Newbee
The Shanghai Major 2016,Major,3000000,3000000,1,25/02/2016,37,1110000,"13,5",405000,"10,5",315000,Team Secret,Team Liquid,Evil Geniuses
The Frankfurt Major 2015,Major,3000000,3000000,1,13/11/2015,37,1110000,"13,5",405000,"10,5",315000,OG,Team Secret,Evil Geniuses
Asia Championship 2015,Major,250000,250000,1,01/01/2015,42,"1290849,42",12,"368814,12",9,"276610,59",Evil Geniuses,Vici Gaming,Team Secret
,,721097,471097,2,02/01/2015,,,,,,,,,
,,977999,256902,3,03/01/2015,,,,,,,,,
,,1140310,162311,4,04/01/2015,,,,,,,,,
,,1257951,117641,5,05/01/2015,,,,,,,,,
,,1373516,115565,6,06/01/2015,,,,,,,,,
,,1461364,87848,7,07/01/2015,,,,,,,,,
,,1541940,80576,8,08/01/2015,,,,,,,,,
,,1617671,75731,9,09/01/2015,,,,,,,,,
,,1694132,76461,10,10/01/2015,,,,,,,,,
,,1759006,64874,11,11/01/2015,,,,,,,,,
,,1814009,55003,12,12/01/2015,,,,,,,,,
,,1860631,46622,13,13/01/2015,,,,,,,,,
,,1905159,44528,14,14/01/2015,,,,,,,,,
,,1943950,38791,15,15/01/2015,,,,,,,,,
,,1982283,38333,16,16/01/2015,,,,,,,,,
,,2018524,36241,17,17/01/2015,,,,,,,,,
,,2047596,29072,18,18/01/2015,,,,,,,,,
,,2073479,25883,19,19/01/2015,,,,,,,,,
,,2098092,24613,20,20/01/2015,,,,,,,,,
,,2120115,22023,21,21/01/2015,,,,,,,,,
,,2141236,21121,22,22/01/2015,,,,,,,,,
,,2162826,21590,23,23/01/2015,,,,,,,,,
,,2185156,22330,24,24/01/2015,,,,,,,,,
,,2204285,19129,25,25/01/2015,,,,,,,,,
,,2221378,17093,26,26/01/2015,,,,,,,,,
,,2237985,16607,27,27/01/2015,,,,,,,,,
,,2381974,143989,28,28/01/2015,,,,,,,,,
,,2455633,73659,29,29/01/2015,,,,,,,,,
,,2518709,63076,30,30/01/2015,,,,,,,,,
,,2607648,88939,31,31/01/2015,,,,,,,,,
,,2687859,80211,32,01/02/2015,,,,,,,,,
,,2742684,54825,33,02/02/2015,,,,,,,,,
,,2801619,58935,34,03/02/2015,,,,,,,,,
,,2847622,46003,35,04/02/2015,,,,,,,,,
,,2897195,49573,36,05/02/2015,,,,,,,,,
,,2949078,51883,37,06/02/2015,,,,,,,,,
,,3001020,51942,38,07/02/2015,,,,,,,,,
,,3055528,54508,39,08/02/2015,,,,,,,,,
,,3057519,1991,40,09/02/2015,,,,,,,,,
,,3057519,0,41,10/02/2015,,,,,,,,,
,,3073451,15932,42,11/02/2015,,,,,,,,,
Asia Championship 2017,Premium,500000,500000,1,22/03/2017,40,"247123,6",15,"92671,35",12,"74137,08",Invictus Gaming,OG,Newbee
,,556086,56086,2,23/03/2017,,,,,,,,,
,,565929,9843,3,24/03/2017,,,,,,,,,
,,574414,8485,4,25/03/2017,,,,,,,,,
,,580103,5689,5,26/03/2017,,,,,,,,,
,,584222,4119,6,27/03/2017,,,,,,,,,
,,587931,3709,7,28/03/2017,,,,,,,,,
,,591524,3593,8,29/03/2017,,,,,,,,,
,,594701,3177,9,30/03/2017,,,,,,,,,
,,598696,3995,10,31/03/2017,,,,,,,,,
,,602828,4132,11,01/04/2017,,,,,,,,,
,,606371,3543,12,02/04/2017,,,,,,,,,
,,609893,3522,13,03/04/2017,,,,,,,,,
,,616599,6706,14,04/04/2017,,,,,,,,,
,,617809,1210,15,05/04/2017,,,,,,,,,
Asia Championship 2018,Major,1000000,1000000,1,29/03/2018,37,370000,"13,5",135000,"10,5",105000,Mineski,PSG.LGD,Virtus.Pro
